Unnamed: 0,image_path,label
44000,./img_align_celeba/044001.jpg,10081
44001,./img_align_celeba/044002.jpg,1412
44002,./img_align_celeba/044003.jpg,6234
44003,./img_align_celeba/044004.jpg,7422
44004,./img_align_celeba/044005.jpg,8343
44005,./img_align_celeba/044006.jpg,5188
44006,./img_align_celeba/044007.jpg,9138
44007,./img_align_celeba/044008.jpg,5291
44008,./img_align_celeba/044009.jpg,8905
44009,./img_align_celeba/044010.jpg,1775
44010,./img_align_celeba/044011.jpg,9307
44011,./img_align_celeba/044012.jpg,3376
44012,./img_align_celeba/044013.jpg,7181
44013,./img_align_celeba/044014.jpg,5250
44014,./img_align_celeba/044015.jpg,5759
44015,./img_align_celeba/044016.jpg,2193
44016,./img_align_celeba/044017.jpg,4863
44017,./img_align_celeba/044018.jpg,6086
44018,./img_align_celeba/044019.jpg,2111
44019,./img_align_celeba/044020.jpg,8468
44020,./img_align_celeba/044021.jpg,5509
44021,./img_align_celeba/044022.jpg,2135
44022,./img_align_celeba/044023.jpg,4199
44023,./img_align_celeba/044024.jpg,171
44024,./img_align_celeba/044025.jpg,6346
44025,./img_align_celeba/044026.jpg,9344
44026,./img_align_celeba/044027.jpg,2201
44027,./img_align_celeba/044028.jpg,2808
44028,./img_align_celeba/044029.jpg,1852
44029,./img_align_celeba/044030.jpg,4223
44030,./img_align_celeba/044031.jpg,5606
44031,./img_align_celeba/044032.jpg,4167
44032,./img_align_celeba/044033.jpg,6202
44033,./img_align_celeba/044034.jpg,5939
44034,./img_align_celeba/044035.jpg,5045
44035,./img_align_celeba/044036.jpg,2416
44036,./img_align_celeba/044037.jpg,7195
44037,./img_align_celeba/044038.jpg,7390
44038,./img_align_celeba/044039.jpg,8920
44039,./img_align_celeba/044040.jpg,8974
44040,./img_align_celeba/044041.jpg,4737
44041,./img_align_celeba/044042.jpg,4202
44042,./img_align_celeba/044043.jpg,6343
44043,./img_align_celeba/044044.jpg,4887
44044,./img_align_celeba/044045.jpg,429
44045,./img_align_celeba/044046.jpg,8632
44046,./img_align_celeba/044047.jpg,6086
44047,./img_align_celeba/044048.jpg,9430
44048,./img_align_celeba/044049.jpg,4947
44049,./img_align_celeba/044050.jpg,8916
44050,./img_align_celeba/044051.jpg,5883
44051,./img_align_celeba/044052.jpg,9269
44052,./img_align_celeba/044053.jpg,2944
44053,./img_align_celeba/044054.jpg,504
44054,./img_align_celeba/044055.jpg,8894
44055,./img_align_celeba/044056.jpg,448
44056,./img_align_celeba/044057.jpg,4983
44057,./img_align_celeba/044058.jpg,7075
44058,./img_align_celeba/044059.jpg,6679
44059,./img_align_celeba/044060.jpg,3125
44060,./img_align_celeba/044061.jpg,1326
44061,./img_align_celeba/044062.jpg,4908
44062,./img_align_celeba/044063.jpg,1375
44063,./img_align_celeba/044064.jpg,405
44064,./img_align_celeba/044065.jpg,2262
44065,./img_align_celeba/044066.jpg,5878
44066,./img_align_celeba/044067.jpg,2610
44067,./img_align_celeba/044068.jpg,6028
44068,./img_align_celeba/044069.jpg,2966
44069,./img_align_celeba/044070.jpg,5041
44070,./img_align_celeba/044071.jpg,660
44071,./img_align_celeba/044072.jpg,8888
44072,./img_align_celeba/044073.jpg,4731
44073,./img_align_celeba/044074.jpg,3518
44074,./img_align_celeba/044075.jpg,10096
44075,./img_align_celeba/044076.jpg,1629
44076,./img_align_celeba/044077.jpg,3889
44077,./img_align_celeba/044078.jpg,9064
44078,./img_align_celeba/044079.jpg,1088
44079,./img_align_celeba/044080.jpg,6963
44080,./img_align_celeba/044081.jpg,8860
44081,./img_align_celeba/044082.jpg,7406
44082,./img_align_celeba/044083.jpg,6244
44083,./img_align_celeba/044084.jpg,2179
44084,./img_align_celeba/044085.jpg,5544
44085,./img_align_celeba/044086.jpg,9136
44086,./img_align_celeba/044087.jpg,7724
44087,./img_align_celeba/044088.jpg,901
44088,./img_align_celeba/044089.jpg,5141
44089,./img_align_celeba/044090.jpg,2368
44090,./img_align_celeba/044091.jpg,483
44091,./img_align_celeba/044092.jpg,8172
44092,./img_align_celeba/044093.jpg,1489
44093,./img_align_celeba/044094.jpg,1227
44094,./img_align_celeba/044095.jpg,8648
44095,./img_align_celeba/044096.jpg,4373
44096,./img_align_celeba/044097.jpg,3346
44097,./img_align_celeba/044098.jpg,171
44098,./img_align_celeba/044099.jpg,10147
44099,./img_align_celeba/044100.jpg,6928
44100,./img_align_celeba/044101.jpg,1160
44101,./img_align_celeba/044102.jpg,5847
44102,./img_align_celeba/044103.jpg,6877
44103,./img_align_celeba/044104.jpg,3698
44104,./img_align_celeba/044105.jpg,9809
44105,./img_align_celeba/044106.jpg,2576
44106,./img_align_celeba/044107.jpg,6083
44107,./img_align_celeba/044108.jpg,8408
44108,./img_align_celeba/044109.jpg,1914
44109,./img_align_celeba/044110.jpg,7877
44110,./img_align_celeba/044111.jpg,8997
44111,./img_align_celeba/044112.jpg,6134
44112,./img_align_celeba/044113.jpg,7498
44113,./img_align_celeba/044114.jpg,176
44114,./img_align_celeba/044115.jpg,6146
44115,./img_align_celeba/044116.jpg,8810
44116,./img_align_celeba/044117.jpg,69
44117,./img_align_celeba/044118.jpg,6002
44118,./img_align_celeba/044119.jpg,8377
44119,./img_align_celeba/044120.jpg,159
44120,./img_align_celeba/044121.jpg,422
44121,./img_align_celeba/044122.jpg,8799
44122,./img_align_celeba/044123.jpg,2808
44123,./img_align_celeba/044124.jpg,5698
44124,./img_align_celeba/044125.jpg,2232
44125,./img_align_celeba/044126.jpg,5066
44126,./img_align_celeba/044127.jpg,1213
44127,./img_align_celeba/044128.jpg,3192
44128,./img_align_celeba/044129.jpg,746
44129,./img_align_celeba/044130.jpg,6815
44130,./img_align_celeba/044131.jpg,3942
44131,./img_align_celeba/044132.jpg,5372
44132,./img_align_celeba/044133.jpg,3160
44133,./img_align_celeba/044134.jpg,4750
44134,./img_align_celeba/044135.jpg,10050
44135,./img_align_celeba/044136.jpg,6509
44136,./img_align_celeba/044137.jpg,5883
44137,./img_align_celeba/044138.jpg,8126
44138,./img_align_celeba/044139.jpg,6141
44139,./img_align_celeba/044140.jpg,8100
44140,./img_align_celeba/044141.jpg,2151
44141,./img_align_celeba/044142.jpg,3992
44142,./img_align_celeba/044143.jpg,5071
44143,./img_align_celeba/044144.jpg,6081
44144,./img_align_celeba/044145.jpg,1954
44145,./img_align_celeba/044146.jpg,8857
44146,./img_align_celeba/044147.jpg,7875
44147,./img_align_celeba/044148.jpg,2965
44148,./img_align_celeba/044149.jpg,5726
44149,./img_align_celeba/044150.jpg,9065
44150,./img_align_celeba/044151.jpg,1533
44151,./img_align_celeba/044152.jpg,1684
44152,./img_align_celeba/044153.jpg,3304
44153,./img_align_celeba/044154.jpg,3061
44154,./img_align_celeba/044155.jpg,570
44155,./img_align_celeba/044156.jpg,5
44156,./img_align_celeba/044157.jpg,5469
44157,./img_align_celeba/044158.jpg,8133
44158,./img_align_celeba/044159.jpg,2494
44159,./img_align_celeba/044160.jpg,1336
44160,./img_align_celeba/044161.jpg,5118
44161,./img_align_celeba/044162.jpg,7147
44162,./img_align_celeba/044163.jpg,6975
44163,./img_align_celeba/044164.jpg,3061
44164,./img_align_celeba/044165.jpg,5210
44165,./img_align_celeba/044166.jpg,5952
44166,./img_align_celeba/044167.jpg,4977
44167,./img_align_celeba/044168.jpg,8759
44168,./img_align_celeba/044169.jpg,972
44169,./img_align_celeba/044170.jpg,6878
44170,./img_align_celeba/044171.jpg,8022
44171,./img_align_celeba/044172.jpg,5344
44172,./img_align_celeba/044173.jpg,7260
44173,./img_align_celeba/044174.jpg,9031
44174,./img_align_celeba/044175.jpg,6076
44175,./img_align_celeba/044176.jpg,3649
44176,./img_align_celeba/044177.jpg,475
44177,./img_align_celeba/044178.jpg,5396
44178,./img_align_celeba/044179.jpg,2463
44179,./img_align_celeba/044180.jpg,5660
44180,./img_align_celeba/044181.jpg,1297
44181,./img_align_celeba/044182.jpg,5708
44182,./img_align_celeba/044183.jpg,4976
44183,./img_align_celeba/044184.jpg,7097
44184,./img_align_celeba/044185.jpg,7137
44185,./img_align_celeba/044186.jpg,4919
44186,./img_align_celeba/044187.jpg,2086
44187,./img_align_celeba/044188.jpg,7195
44188,./img_align_celeba/044189.jpg,4771
44189,./img_align_celeba/044190.jpg,899
44190,./img_align_celeba/044191.jpg,2688
44191,./img_align_celeba/044192.jpg,14
44192,./img_align_celeba/044193.jpg,2151
44193,./img_align_celeba/044194.jpg,416
44194,./img_align_celeba/044195.jpg,2399
44195,./img_align_celeba/044196.jpg,4629
44196,./img_align_celeba/044197.jpg,8276
44197,./img_align_celeba/044198.jpg,2239
44198,./img_align_celeba/044199.jpg,8559
44199,./img_align_celeba/044200.jpg,3006
44200,./img_align_celeba/044201.jpg,901
44201,./img_align_celeba/044202.jpg,5730
44202,./img_align_celeba/044203.jpg,6922
44203,./img_align_celeba/044204.jpg,1149
44204,./img_align_celeba/044205.jpg,997
44205,./img_align_celeba/044206.jpg,1002
44206,./img_align_celeba/044207.jpg,4394
44207,./img_align_celeba/044208.jpg,7181
44208,./img_align_celeba/044209.jpg,8439
44209,./img_align_celeba/044210.jpg,7759
44210,./img_align_celeba/044211.jpg,8312
44211,./img_align_celeba/044212.jpg,4990
44212,./img_align_celeba/044213.jpg,6541
44213,./img_align_celeba/044214.jpg,7339
44214,./img_align_celeba/044215.jpg,8023
44215,./img_align_celeba/044216.jpg,7379
44216,./img_align_celeba/044217.jpg,7317
44217,./img_align_celeba/044218.jpg,5266
44218,./img_align_celeba/044219.jpg,2404
44219,./img_align_celeba/044220.jpg,5070
44220,./img_align_celeba/044221.jpg,2396
44221,./img_align_celeba/044222.jpg,2243
44222,./img_align_celeba/044223.jpg,1451
44223,./img_align_celeba/044224.jpg,852
44224,./img_align_celeba/044225.jpg,3714
44225,./img_align_celeba/044226.jpg,1880
44226,./img_align_celeba/044227.jpg,8750
44227,./img_align_celeba/044228.jpg,7916
44228,./img_align_celeba/044229.jpg,2796
44229,./img_align_celeba/044230.jpg,7630
44230,./img_align_celeba/044231.jpg,1285
44231,./img_align_celeba/044232.jpg,4192
44232,./img_align_celeba/044233.jpg,329
44233,./img_align_celeba/044234.jpg,118
44234,./img_align_celeba/044235.jpg,1351
44235,./img_align_celeba/044236.jpg,5099
44236,./img_align_celeba/044237.jpg,7157
44237,./img_align_celeba/044238.jpg,5197
44238,./img_align_celeba/044239.jpg,10173
44239,./img_align_celeba/044240.jpg,3328
44240,./img_align_celeba/044241.jpg,4102
44241,./img_align_celeba/044242.jpg,5552
44242,./img_align_celeba/044243.jpg,2550
44243,./img_align_celeba/044244.jpg,1991
44244,./img_align_celeba/044245.jpg,2021
44245,./img_align_celeba/044246.jpg,4637
44246,./img_align_celeba/044247.jpg,3207
44247,./img_align_celeba/044248.jpg,3084
44248,./img_align_celeba/044249.jpg,9555
44249,./img_align_celeba/044250.jpg,4912
44250,./img_align_celeba/044251.jpg,745
44251,./img_align_celeba/044252.jpg,1745
44252,./img_align_celeba/044253.jpg,9919
44253,./img_align_celeba/044254.jpg,9910
44254,./img_align_celeba/044255.jpg,7011
44255,./img_align_celeba/044256.jpg,10008
44256,./img_align_celeba/044257.jpg,6018
44257,./img_align_celeba/044258.jpg,7596
44258,./img_align_celeba/044259.jpg,9348
44259,./img_align_celeba/044260.jpg,708
44260,./img_align_celeba/044261.jpg,1303
44261,./img_align_celeba/044262.jpg,2160
44262,./img_align_celeba/044263.jpg,2797
44263,./img_align_celeba/044264.jpg,1830
44264,./img_align_celeba/044265.jpg,10009
44265,./img_align_celeba/044266.jpg,1760
44266,./img_align_celeba/044267.jpg,6098
44267,./img_align_celeba/044268.jpg,5965
44268,./img_align_celeba/044269.jpg,8080
44269,./img_align_celeba/044270.jpg,863
44270,./img_align_celeba/044271.jpg,4028
44271,./img_align_celeba/044272.jpg,6537
44272,./img_align_celeba/044273.jpg,8803
44273,./img_align_celeba/044274.jpg,718
44274,./img_align_celeba/044275.jpg,3501
44275,./img_align_celeba/044276.jpg,3006
44276,./img_align_celeba/044277.jpg,7754
44277,./img_align_celeba/044278.jpg,968
44278,./img_align_celeba/044279.jpg,2217
44279,./img_align_celeba/044280.jpg,3895
44280,./img_align_celeba/044281.jpg,8594
44281,./img_align_celeba/044282.jpg,5025
44282,./img_align_celeba/044283.jpg,388
44283,./img_align_celeba/044284.jpg,2686
44284,./img_align_celeba/044285.jpg,6505
44285,./img_align_celeba/044286.jpg,7821
44286,./img_align_celeba/044287.jpg,115
44287,./img_align_celeba/044288.jpg,3551
44288,./img_align_celeba/044289.jpg,4225
44289,./img_align_celeba/044290.jpg,5046
44290,./img_align_celeba/044291.jpg,4175
44291,./img_align_celeba/044292.jpg,2215
44292,./img_align_celeba/044293.jpg,2143
44293,./img_align_celeba/044294.jpg,5246
44294,./img_align_celeba/044295.jpg,5930
44295,./img_align_celeba/044296.jpg,7318
44296,./img_align_celeba/044297.jpg,5062
44297,./img_align_celeba/044298.jpg,4701
44298,./img_align_celeba/044299.jpg,7710
44299,./img_align_celeba/044300.jpg,4437
44300,./img_align_celeba/044301.jpg,2154
44301,./img_align_celeba/044302.jpg,9024
44302,./img_align_celeba/044303.jpg,2413
44303,./img_align_celeba/044304.jpg,2010
44304,./img_align_celeba/044305.jpg,778
44305,./img_align_celeba/044306.jpg,6232
44306,./img_align_celeba/044307.jpg,8067
44307,./img_align_celeba/044308.jpg,7038
44308,./img_align_celeba/044309.jpg,1202
44309,./img_align_celeba/044310.jpg,7857
44310,./img_align_celeba/044311.jpg,8835
44311,./img_align_celeba/044312.jpg,952
44312,./img_align_celeba/044313.jpg,7997
44313,./img_align_celeba/044314.jpg,4714
44314,./img_align_celeba/044315.jpg,6161
44315,./img_align_celeba/044316.jpg,10010
44316,./img_align_celeba/044317.jpg,9476
44317,./img_align_celeba/044318.jpg,489
44318,./img_align_celeba/044319.jpg,3910
44319,./img_align_celeba/044320.jpg,239
44320,./img_align_celeba/044321.jpg,5243
44321,./img_align_celeba/044322.jpg,10115
44322,./img_align_celeba/044323.jpg,3575
44323,./img_align_celeba/044324.jpg,9430
44324,./img_align_celeba/044325.jpg,2179
44325,./img_align_celeba/044326.jpg,5073
44326,./img_align_celeba/044327.jpg,557
44327,./img_align_celeba/044328.jpg,7399
44328,./img_align_celeba/044329.jpg,9137
44329,./img_align_celeba/044330.jpg,6343
44330,./img_align_celeba/044331.jpg,7732
44331,./img_align_celeba/044332.jpg,7071
44332,./img_align_celeba/044333.jpg,6220
44333,./img_align_celeba/044334.jpg,751
44334,./img_align_celeba/044335.jpg,2524
44335,./img_align_celeba/044336.jpg,2441
44336,./img_align_celeba/044337.jpg,3162
44337,./img_align_celeba/044338.jpg,5782
44338,./img_align_celeba/044339.jpg,4538
44339,./img_align_celeba/044340.jpg,1264
44340,./img_align_celeba/044341.jpg,9937
44341,./img_align_celeba/044342.jpg,7232
44342,./img_align_celeba/044343.jpg,290
44343,./img_align_celeba/044344.jpg,3277
44344,./img_align_celeba/044345.jpg,7300
44345,./img_align_celeba/044346.jpg,5599
44346,./img_align_celeba/044347.jpg,6695
44347,./img_align_celeba/044348.jpg,3551
44348,./img_align_celeba/044349.jpg,8397
44349,./img_align_celeba/044350.jpg,3478
44350,./img_align_celeba/044351.jpg,8112
44351,./img_align_celeba/044352.jpg,6282
44352,./img_align_celeba/044353.jpg,2404
44353,./img_align_celeba/044354.jpg,8833
44354,./img_align_celeba/044355.jpg,563
44355,./img_align_celeba/044356.jpg,7355
44356,./img_align_celeba/044357.jpg,3267
44357,./img_align_celeba/044358.jpg,8380
44358,./img_align_celeba/044359.jpg,5338
44359,./img_align_celeba/044360.jpg,4091
44360,./img_align_celeba/044361.jpg,6280
44361,./img_align_celeba/044362.jpg,1285
44362,./img_align_celeba/044363.jpg,961
44363,./img_align_celeba/044364.jpg,10050
44364,./img_align_celeba/044365.jpg,4916
44365,./img_align_celeba/044366.jpg,5125
44366,./img_align_celeba/044367.jpg,5868
44367,./img_align_celeba/044368.jpg,1770
44368,./img_align_celeba/044369.jpg,7090
44369,./img_align_celeba/044370.jpg,1175
44370,./img_align_celeba/044371.jpg,240
44371,./img_align_celeba/044372.jpg,212
44372,./img_align_celeba/044373.jpg,5414
44373,./img_align_celeba/044374.jpg,1050
44374,./img_align_celeba/044375.jpg,8974
44375,./img_align_celeba/044376.jpg,9020
44376,./img_align_celeba/044377.jpg,2075
44377,./img_align_celeba/044378.jpg,5757
44378,./img_align_celeba/044379.jpg,2269
44379,./img_align_celeba/044380.jpg,3605
44380,./img_align_celeba/044381.jpg,5093
44381,./img_align_celeba/044382.jpg,3714
44382,./img_align_celeba/044383.jpg,7406
44383,./img_align_celeba/044384.jpg,4358
44384,./img_align_celeba/044385.jpg,4097
44385,./img_align_celeba/044386.jpg,5564
44386,./img_align_celeba/044387.jpg,391
44387,./img_align_celeba/044388.jpg,5208
44388,./img_align_celeba/044389.jpg,3967
44389,./img_align_celeba/044390.jpg,6431
44390,./img_align_celeba/044391.jpg,9245
44391,./img_align_celeba/044392.jpg,7167
44392,./img_align_celeba/044393.jpg,9970
44393,./img_align_celeba/044394.jpg,2261
44394,./img_align_celeba/044395.jpg,5479
44395,./img_align_celeba/044396.jpg,1159
44396,./img_align_celeba/044397.jpg,4824
44397,./img_align_celeba/044398.jpg,6906
44398,./img_align_celeba/044399.jpg,826
44399,./img_align_celeba/044400.jpg,1379
44400,./img_align_celeba/044401.jpg,8991
44401,./img_align_celeba/044402.jpg,2717
44402,./img_align_celeba/044403.jpg,5681
44403,./img_align_celeba/044404.jpg,10034
44404,./img_align_celeba/044405.jpg,8980
44405,./img_align_celeba/044406.jpg,492
44406,./img_align_celeba/044407.jpg,4959
44407,./img_align_celeba/044408.jpg,1959
44408,./img_align_celeba/044409.jpg,3693
44409,./img_align_celeba/044410.jpg,3652
44410,./img_align_celeba/044411.jpg,2396
44411,./img_align_celeba/044412.jpg,8222
44412,./img_align_celeba/044413.jpg,7274
44413,./img_align_celeba/044414.jpg,5644
44414,./img_align_celeba/044415.jpg,9458
44415,./img_align_celeba/044416.jpg,5649
44416,./img_align_celeba/044417.jpg,8792
44417,./img_align_celeba/044418.jpg,7165
44418,./img_align_celeba/044419.jpg,2054
44419,./img_align_celeba/044420.jpg,5101
44420,./img_align_celeba/044421.jpg,9136
44421,./img_align_celeba/044422.jpg,3068
44422,./img_align_celeba/044423.jpg,1246
44423,./img_align_celeba/044424.jpg,167
44424,./img_align_celeba/044425.jpg,3208
44425,./img_align_celeba/044426.jpg,709
44426,./img_align_celeba/044427.jpg,4301
44427,./img_align_celeba/044428.jpg,2131
44428,./img_align_celeba/044429.jpg,4321
44429,./img_align_celeba/044430.jpg,6288
44430,./img_align_celeba/044431.jpg,3404
44431,./img_align_celeba/044432.jpg,8990
44432,./img_align_celeba/044433.jpg,6509
44433,./img_align_celeba/044434.jpg,7386
44434,./img_align_celeba/044435.jpg,8022
44435,./img_align_celeba/044436.jpg,3274
44436,./img_align_celeba/044437.jpg,7398
44437,./img_align_celeba/044438.jpg,5006
44438,./img_align_celeba/044439.jpg,8189
44439,./img_align_celeba/044440.jpg,4574
44440,./img_align_celeba/044441.jpg,2257
44441,./img_align_celeba/044442.jpg,5936
44442,./img_align_celeba/044443.jpg,2204
44443,./img_align_celeba/044444.jpg,4672
44444,./img_align_celeba/044445.jpg,98
44445,./img_align_celeba/044446.jpg,3374
44446,./img_align_celeba/044447.jpg,1509
44447,./img_align_celeba/044448.jpg,2213
44448,./img_align_celeba/044449.jpg,4573
44449,./img_align_celeba/044450.jpg,1684
44450,./img_align_celeba/044451.jpg,7611
44451,./img_align_celeba/044452.jpg,4116
44452,./img_align_celeba/044453.jpg,1835
44453,./img_align_celeba/044454.jpg,6914
44454,./img_align_celeba/044455.jpg,8447
44455,./img_align_celeba/044456.jpg,7989
44456,./img_align_celeba/044457.jpg,2615
44457,./img_align_celeba/044458.jpg,3473
44458,./img_align_celeba/044459.jpg,9775
44459,./img_align_celeba/044460.jpg,4099
44460,./img_align_celeba/044461.jpg,4380
44461,./img_align_celeba/044462.jpg,826
44462,./img_align_celeba/044463.jpg,1867
44463,./img_align_celeba/044464.jpg,5672
44464,./img_align_celeba/044465.jpg,2253
44465,./img_align_celeba/044466.jpg,2261
44466,./img_align_celeba/044467.jpg,4093
44467,./img_align_celeba/044468.jpg,7175
44468,./img_align_celeba/044469.jpg,2582
44469,./img_align_celeba/044470.jpg,6387
44470,./img_align_celeba/044471.jpg,2148
44471,./img_align_celeba/044472.jpg,147
44472,./img_align_celeba/044473.jpg,4051
44473,./img_align_celeba/044474.jpg,6963
44474,./img_align_celeba/044475.jpg,1303
44475,./img_align_celeba/044476.jpg,7987
44476,./img_align_celeba/044477.jpg,10086
44477,./img_align_celeba/044478.jpg,6034
44478,./img_align_celeba/044479.jpg,3514
44479,./img_align_celeba/044480.jpg,5921
44480,./img_align_celeba/044481.jpg,4990
44481,./img_align_celeba/044482.jpg,9907
44482,./img_align_celeba/044483.jpg,8473
44483,./img_align_celeba/044484.jpg,9778
44484,./img_align_celeba/044485.jpg,8070
44485,./img_align_celeba/044486.jpg,7454
44486,./img_align_celeba/044487.jpg,4251
44487,./img_align_celeba/044488.jpg,1209
44488,./img_align_celeba/044489.jpg,1898
44489,./img_align_celeba/044490.jpg,7175
44490,./img_align_celeba/044491.jpg,7078
44491,./img_align_celeba/044492.jpg,692
44492,./img_align_celeba/044493.jpg,5239
44493,./img_align_celeba/044494.jpg,2980
44494,./img_align_celeba/044495.jpg,3960
44495,./img_align_celeba/044496.jpg,7030
44496,./img_align_celeba/044497.jpg,3431
44497,./img_align_celeba/044498.jpg,6802
44498,./img_align_celeba/044499.jpg,2829
44499,./img_align_celeba/044500.jpg,4048
44500,./img_align_celeba/044501.jpg,6106
44501,./img_align_celeba/044502.jpg,9147
44502,./img_align_celeba/044503.jpg,6963
44503,./img_align_celeba/044504.jpg,6325
44504,./img_align_celeba/044505.jpg,6804
44505,./img_align_celeba/044506.jpg,9602
44506,./img_align_celeba/044507.jpg,444
44507,./img_align_celeba/044508.jpg,6729
44508,./img_align_celeba/044509.jpg,3439
44509,./img_align_celeba/044510.jpg,9705
44510,./img_align_celeba/044511.jpg,8436
44511,./img_align_celeba/044512.jpg,5365
44512,./img_align_celeba/044513.jpg,6834
44513,./img_align_celeba/044514.jpg,8643
44514,./img_align_celeba/044515.jpg,807
44515,./img_align_celeba/044516.jpg,3671
44516,./img_align_celeba/044517.jpg,8516
44517,./img_align_celeba/044518.jpg,6559
44518,./img_align_celeba/044519.jpg,5879
44519,./img_align_celeba/044520.jpg,5734
44520,./img_align_celeba/044521.jpg,95
44521,./img_align_celeba/044522.jpg,6510
44522,./img_align_celeba/044523.jpg,4251
44523,./img_align_celeba/044524.jpg,9144
44524,./img_align_celeba/044525.jpg,7338
44525,./img_align_celeba/044526.jpg,8586
44526,./img_align_celeba/044527.jpg,768
44527,./img_align_celeba/044528.jpg,6524
44528,./img_align_celeba/044529.jpg,948
44529,./img_align_celeba/044530.jpg,8766
44530,./img_align_celeba/044531.jpg,1800
44531,./img_align_celeba/044532.jpg,7011
44532,./img_align_celeba/044533.jpg,4396
44533,./img_align_celeba/044534.jpg,5171
44534,./img_align_celeba/044535.jpg,438
44535,./img_align_celeba/044536.jpg,7107
44536,./img_align_celeba/044537.jpg,5732
44537,./img_align_celeba/044538.jpg,387
44538,./img_align_celeba/044539.jpg,10087
44539,./img_align_celeba/044540.jpg,8730
44540,./img_align_celeba/044541.jpg,3725
44541,./img_align_celeba/044542.jpg,5484
44542,./img_align_celeba/044543.jpg,1002
44543,./img_align_celeba/044544.jpg,6317
44544,./img_align_celeba/044545.jpg,2892
44545,./img_align_celeba/044546.jpg,9818
44546,./img_align_celeba/044547.jpg,2335
44547,./img_align_celeba/044548.jpg,9842
44548,./img_align_celeba/044549.jpg,6438
44549,./img_align_celeba/044550.jpg,6317
44550,./img_align_celeba/044551.jpg,3835
44551,./img_align_celeba/044552.jpg,9930
44552,./img_align_celeba/044553.jpg,7405
44553,./img_align_celeba/044554.jpg,5867
44554,./img_align_celeba/044555.jpg,5204
44555,./img_align_celeba/044556.jpg,426
44556,./img_align_celeba/044557.jpg,1454
44557,./img_align_celeba/044558.jpg,9452
44558,./img_align_celeba/044559.jpg,1676
44559,./img_align_celeba/044560.jpg,4006
44560,./img_align_celeba/044561.jpg,794
44561,./img_align_celeba/044562.jpg,3638
44562,./img_align_celeba/044563.jpg,7244
44563,./img_align_celeba/044564.jpg,2542
44564,./img_align_celeba/044565.jpg,6429
44565,./img_align_celeba/044566.jpg,1069
44566,./img_align_celeba/044567.jpg,6807
44567,./img_align_celeba/044568.jpg,128
44568,./img_align_celeba/044569.jpg,9587
44569,./img_align_celeba/044570.jpg,6320
44570,./img_align_celeba/044571.jpg,5440
44571,./img_align_celeba/044572.jpg,8977
44572,./img_align_celeba/044573.jpg,6430
44573,./img_align_celeba/044574.jpg,7906
44574,./img_align_celeba/044575.jpg,5960
44575,./img_align_celeba/044576.jpg,9068
44576,./img_align_celeba/044577.jpg,7105
44577,./img_align_celeba/044578.jpg,600
44578,./img_align_celeba/044579.jpg,7151
44579,./img_align_celeba/044580.jpg,2804
44580,./img_align_celeba/044581.jpg,5779
44581,./img_align_celeba/044582.jpg,8382
44582,./img_align_celeba/044583.jpg,3480
44583,./img_align_celeba/044584.jpg,9020
44584,./img_align_celeba/044585.jpg,3346
44585,./img_align_celeba/044586.jpg,3562
44586,./img_align_celeba/044587.jpg,5021
44587,./img_align_celeba/044588.jpg,6215
44588,./img_align_celeba/044589.jpg,7129
44589,./img_align_celeba/044590.jpg,8009
44590,./img_align_celeba/044591.jpg,142
44591,./img_align_celeba/044592.jpg,6210
44592,./img_align_celeba/044593.jpg,9452
44593,./img_align_celeba/044594.jpg,2509
44594,./img_align_celeba/044595.jpg,8882
44595,./img_align_celeba/044596.jpg,1624
44596,./img_align_celeba/044597.jpg,4924
44597,./img_align_celeba/044598.jpg,2331
44598,./img_align_celeba/044599.jpg,2099
44599,./img_align_celeba/044600.jpg,3034
44600,./img_align_celeba/044601.jpg,7877
44601,./img_align_celeba/044602.jpg,7724
44602,./img_align_celeba/044603.jpg,6570
44603,./img_align_celeba/044604.jpg,3630
44604,./img_align_celeba/044605.jpg,9028
44605,./img_align_celeba/044606.jpg,8116
44606,./img_align_celeba/044607.jpg,363
44607,./img_align_celeba/044608.jpg,9558
44608,./img_align_celeba/044609.jpg,553
44609,./img_align_celeba/044610.jpg,5598
44610,./img_align_celeba/044611.jpg,5586
44611,./img_align_celeba/044612.jpg,1174
44612,./img_align_celeba/044613.jpg,1183
44613,./img_align_celeba/044614.jpg,3459
44614,./img_align_celeba/044615.jpg,8640
44615,./img_align_celeba/044616.jpg,3523
44616,./img_align_celeba/044617.jpg,2081
44617,./img_align_celeba/044618.jpg,927
44618,./img_align_celeba/044619.jpg,2400
44619,./img_align_celeba/044620.jpg,8599
44620,./img_align_celeba/044621.jpg,8939
44621,./img_align_celeba/044622.jpg,6202
44622,./img_align_celeba/044623.jpg,9176
44623,./img_align_celeba/044624.jpg,999
44624,./img_align_celeba/044625.jpg,2713
44625,./img_align_celeba/044626.jpg,1237
44626,./img_align_celeba/044627.jpg,6904
44627,./img_align_celeba/044628.jpg,3528
44628,./img_align_celeba/044629.jpg,5862
44629,./img_align_celeba/044630.jpg,7022
44630,./img_align_celeba/044631.jpg,151
44631,./img_align_celeba/044632.jpg,5995
44632,./img_align_celeba/044633.jpg,6510
44633,./img_align_celeba/044634.jpg,2403
44634,./img_align_celeba/044635.jpg,1051
44635,./img_align_celeba/044636.jpg,9068
44636,./img_align_celeba/044637.jpg,3462
44637,./img_align_celeba/044638.jpg,741
44638,./img_align_celeba/044639.jpg,8380
44639,./img_align_celeba/044640.jpg,5684
44640,./img_align_celeba/044641.jpg,10096
44641,./img_align_celeba/044642.jpg,863
44642,./img_align_celeba/044643.jpg,6430
44643,./img_align_celeba/044644.jpg,9897
44644,./img_align_celeba/044645.jpg,6220
44645,./img_align_celeba/044646.jpg,3817
44646,./img_align_celeba/044647.jpg,8824
44647,./img_align_celeba/044648.jpg,8484
44648,./img_align_celeba/044649.jpg,1591
44649,./img_align_celeba/044650.jpg,8641
44650,./img_align_celeba/044651.jpg,7393
44651,./img_align_celeba/044652.jpg,1278
44652,./img_align_celeba/044653.jpg,4450
44653,./img_align_celeba/044654.jpg,9155
44654,./img_align_celeba/044655.jpg,5938
44655,./img_align_celeba/044656.jpg,6458
44656,./img_align_celeba/044657.jpg,9683
44657,./img_align_celeba/044658.jpg,1393
44658,./img_align_celeba/044659.jpg,9240
44659,./img_align_celeba/044660.jpg,5928
44660,./img_align_celeba/044661.jpg,2967
44661,./img_align_celeba/044662.jpg,9064
44662,./img_align_celeba/044663.jpg,1022
44663,./img_align_celeba/044664.jpg,1073
44664,./img_align_celeba/044665.jpg,8327
44665,./img_align_celeba/044666.jpg,4012
44666,./img_align_celeba/044667.jpg,1720
44667,./img_align_celeba/044668.jpg,8220
44668,./img_align_celeba/044669.jpg,9686
44669,./img_align_celeba/044670.jpg,5948
44670,./img_align_celeba/044671.jpg,4593
44671,./img_align_celeba/044672.jpg,5510
44672,./img_align_celeba/044673.jpg,323
44673,./img_align_celeba/044674.jpg,1705
44674,./img_align_celeba/044675.jpg,6300
44675,./img_align_celeba/044676.jpg,5964
44676,./img_align_celeba/044677.jpg,5177
44677,./img_align_celeba/044678.jpg,1676
44678,./img_align_celeba/044679.jpg,991
44679,./img_align_celeba/044680.jpg,7366
44680,./img_align_celeba/044681.jpg,4219
44681,./img_align_celeba/044682.jpg,5447
44682,./img_align_celeba/044683.jpg,2064
44683,./img_align_celeba/044684.jpg,3504
44684,./img_align_celeba/044685.jpg,1560
44685,./img_align_celeba/044686.jpg,9843
44686,./img_align_celeba/044687.jpg,5340
44687,./img_align_celeba/044688.jpg,3275
44688,./img_align_celeba/044689.jpg,2935
44689,./img_align_celeba/044690.jpg,9297
44690,./img_align_celeba/044691.jpg,5032
44691,./img_align_celeba/044692.jpg,5928
44692,./img_align_celeba/044693.jpg,5977
44693,./img_align_celeba/044694.jpg,5797
44694,./img_align_celeba/044695.jpg,3335
44695,./img_align_celeba/044696.jpg,2257
44696,./img_align_celeba/044697.jpg,10099
44697,./img_align_celeba/044698.jpg,420
44698,./img_align_celeba/044699.jpg,9661
44699,./img_align_celeba/044700.jpg,3248
44700,./img_align_celeba/044701.jpg,4808
44701,./img_align_celeba/044702.jpg,988
44702,./img_align_celeba/044703.jpg,4446
44703,./img_align_celeba/044704.jpg,1359
44704,./img_align_celeba/044705.jpg,7940
44705,./img_align_celeba/044706.jpg,5897
44706,./img_align_celeba/044707.jpg,9373
44707,./img_align_celeba/044708.jpg,1457
44708,./img_align_celeba/044709.jpg,6420
44709,./img_align_celeba/044710.jpg,3431
44710,./img_align_celeba/044711.jpg,3670
44711,./img_align_celeba/044712.jpg,3836
44712,./img_align_celeba/044713.jpg,8189
44713,./img_align_celeba/044714.jpg,1521
44714,./img_align_celeba/044715.jpg,2181
44715,./img_align_celeba/044716.jpg,8708
44716,./img_align_celeba/044717.jpg,762
44717,./img_align_celeba/044718.jpg,633
44718,./img_align_celeba/044719.jpg,8216
44719,./img_align_celeba/044720.jpg,8238
44720,./img_align_celeba/044721.jpg,8150
44721,./img_align_celeba/044722.jpg,7562
44722,./img_align_celeba/044723.jpg,9013
44723,./img_align_celeba/044724.jpg,1333
44724,./img_align_celeba/044725.jpg,207
44725,./img_align_celeba/044726.jpg,4257
44726,./img_align_celeba/044727.jpg,3378
44727,./img_align_celeba/044728.jpg,6108
44728,./img_align_celeba/044729.jpg,457
44729,./img_align_celeba/044730.jpg,1943
44730,./img_align_celeba/044731.jpg,2841
44731,./img_align_celeba/044732.jpg,4625
44732,./img_align_celeba/044733.jpg,9399
44733,./img_align_celeba/044734.jpg,5525
44734,./img_align_celeba/044735.jpg,8335
44735,./img_align_celeba/044736.jpg,8564
44736,./img_align_celeba/044737.jpg,9011
44737,./img_align_celeba/044738.jpg,2110
44738,./img_align_celeba/044739.jpg,9065
44739,./img_align_celeba/044740.jpg,8739
44740,./img_align_celeba/044741.jpg,4693
44741,./img_align_celeba/044742.jpg,1064
44742,./img_align_celeba/044743.jpg,2011
44743,./img_align_celeba/044744.jpg,9035
44744,./img_align_celeba/044745.jpg,1842
44745,./img_align_celeba/044746.jpg,1410
44746,./img_align_celeba/044747.jpg,6944
44747,./img_align_celeba/044748.jpg,47
44748,./img_align_celeba/044749.jpg,1874
44749,./img_align_celeba/044750.jpg,5582
44750,./img_align_celeba/044751.jpg,3070
44751,./img_align_celeba/044752.jpg,1340
44752,./img_align_celeba/044753.jpg,4562
44753,./img_align_celeba/044754.jpg,7881
44754,./img_align_celeba/044755.jpg,9672
44755,./img_align_celeba/044756.jpg,745
44756,./img_align_celeba/044757.jpg,3420
44757,./img_align_celeba/044758.jpg,5181
44758,./img_align_celeba/044759.jpg,5144
44759,./img_align_celeba/044760.jpg,6694
44760,./img_align_celeba/044761.jpg,126
44761,./img_align_celeba/044762.jpg,4924
44762,./img_align_celeba/044763.jpg,4162
44763,./img_align_celeba/044764.jpg,9013
44764,./img_align_celeba/044765.jpg,8029
44765,./img_align_celeba/044766.jpg,5617
44766,./img_align_celeba/044767.jpg,8894
44767,./img_align_celeba/044768.jpg,4836
44768,./img_align_celeba/044769.jpg,4914
44769,./img_align_celeba/044770.jpg,3149
44770,./img_align_celeba/044771.jpg,3221
44771,./img_align_celeba/044772.jpg,438
44772,./img_align_celeba/044773.jpg,5441
44773,./img_align_celeba/044774.jpg,8858
44774,./img_align_celeba/044775.jpg,2859
44775,./img_align_celeba/044776.jpg,9531
44776,./img_align_celeba/044777.jpg,2516
44777,./img_align_celeba/044778.jpg,8208
44778,./img_align_celeba/044779.jpg,6045
44779,./img_align_celeba/044780.jpg,7386
44780,./img_align_celeba/044781.jpg,8261
44781,./img_align_celeba/044782.jpg,6152
44782,./img_align_celeba/044783.jpg,1474
44783,./img_align_celeba/044784.jpg,5919
44784,./img_align_celeba/044785.jpg,5135
44785,./img_align_celeba/044786.jpg,3697
44786,./img_align_celeba/044787.jpg,3277
44787,./img_align_celeba/044788.jpg,4735
44788,./img_align_celeba/044789.jpg,3908
44789,./img_align_celeba/044790.jpg,5904
44790,./img_align_celeba/044791.jpg,5059
44791,./img_align_celeba/044792.jpg,3420
44792,./img_align_celeba/044793.jpg,9307
44793,./img_align_celeba/044794.jpg,584
44794,./img_align_celeba/044795.jpg,936
44795,./img_align_celeba/044796.jpg,28
44796,./img_align_celeba/044797.jpg,2588
44797,./img_align_celeba/044798.jpg,2396
44798,./img_align_celeba/044799.jpg,6065
44799,./img_align_celeba/044800.jpg,5387
44800,./img_align_celeba/044801.jpg,1443
44801,./img_align_celeba/044802.jpg,4724
44802,./img_align_celeba/044803.jpg,6633
44803,./img_align_celeba/044804.jpg,1339
44804,./img_align_celeba/044805.jpg,4416
44805,./img_align_celeba/044806.jpg,6684
44806,./img_align_celeba/044807.jpg,3051
44807,./img_align_celeba/044808.jpg,8623
44808,./img_align_celeba/044809.jpg,5600
44809,./img_align_celeba/044810.jpg,4353
44810,./img_align_celeba/044811.jpg,2113
44811,./img_align_celeba/044812.jpg,4304
44812,./img_align_celeba/044813.jpg,4201
44813,./img_align_celeba/044814.jpg,8551
44814,./img_align_celeba/044815.jpg,7356
44815,./img_align_celeba/044816.jpg,9711
44816,./img_align_celeba/044817.jpg,4080
44817,./img_align_celeba/044818.jpg,1357
44818,./img_align_celeba/044819.jpg,8342
44819,./img_align_celeba/044820.jpg,8468
44820,./img_align_celeba/044821.jpg,2529
44821,./img_align_celeba/044822.jpg,6138
44822,./img_align_celeba/044823.jpg,3204
44823,./img_align_celeba/044824.jpg,1997
44824,./img_align_celeba/044825.jpg,9001
44825,./img_align_celeba/044826.jpg,2321
44826,./img_align_celeba/044827.jpg,7675
44827,./img_align_celeba/044828.jpg,8168
44828,./img_align_celeba/044829.jpg,2110
44829,./img_align_celeba/044830.jpg,3985
44830,./img_align_celeba/044831.jpg,2409
44831,./img_align_celeba/044832.jpg,175
44832,./img_align_celeba/044833.jpg,1054
44833,./img_align_celeba/044834.jpg,459
44834,./img_align_celeba/044835.jpg,5342
44835,./img_align_celeba/044836.jpg,5494
44836,./img_align_celeba/044837.jpg,1348
44837,./img_align_celeba/044838.jpg,8783
44838,./img_align_celeba/044839.jpg,495
44839,./img_align_celeba/044840.jpg,3276
44840,./img_align_celeba/044841.jpg,770
44841,./img_align_celeba/044842.jpg,8790
44842,./img_align_celeba/044843.jpg,5318
44843,./img_align_celeba/044844.jpg,6574
44844,./img_align_celeba/044845.jpg,2867
44845,./img_align_celeba/044846.jpg,5346
44846,./img_align_celeba/044847.jpg,437
44847,./img_align_celeba/044848.jpg,3212
44848,./img_align_celeba/044849.jpg,7782
44849,./img_align_celeba/044850.jpg,583
44850,./img_align_celeba/044851.jpg,1466
44851,./img_align_celeba/044852.jpg,7626
44852,./img_align_celeba/044853.jpg,6089
44853,./img_align_celeba/044854.jpg,1554
44854,./img_align_celeba/044855.jpg,105
44855,./img_align_celeba/044856.jpg,7867
44856,./img_align_celeba/044857.jpg,1680
44857,./img_align_celeba/044858.jpg,7275
44858,./img_align_celeba/044859.jpg,7630
44859,./img_align_celeba/044860.jpg,10100
44860,./img_align_celeba/044861.jpg,1292
44861,./img_align_celeba/044862.jpg,1924
44862,./img_align_celeba/044863.jpg,1118
44863,./img_align_celeba/044864.jpg,2130
44864,./img_align_celeba/044865.jpg,6996
44865,./img_align_celeba/044866.jpg,8720
44866,./img_align_celeba/044867.jpg,1238
44867,./img_align_celeba/044868.jpg,6263
44868,./img_align_celeba/044869.jpg,6325
44869,./img_align_celeba/044870.jpg,3727
44870,./img_align_celeba/044871.jpg,2389
44871,./img_align_celeba/044872.jpg,7228
44872,./img_align_celeba/044873.jpg,5160
44873,./img_align_celeba/044874.jpg,6862
44874,./img_align_celeba/044875.jpg,8300
44875,./img_align_celeba/044876.jpg,2822
44876,./img_align_celeba/044877.jpg,1107
44877,./img_align_celeba/044878.jpg,7743
44878,./img_align_celeba/044879.jpg,8407
44879,./img_align_celeba/044880.jpg,867
44880,./img_align_celeba/044881.jpg,1681
44881,./img_align_celeba/044882.jpg,9553
44882,./img_align_celeba/044883.jpg,6661
44883,./img_align_celeba/044884.jpg,6169
44884,./img_align_celeba/044885.jpg,9843
44885,./img_align_celeba/044886.jpg,70
44886,./img_align_celeba/044887.jpg,1976
44887,./img_align_celeba/044888.jpg,3288
44888,./img_align_celeba/044889.jpg,2978
44889,./img_align_celeba/044890.jpg,2864
44890,./img_align_celeba/044891.jpg,6672
44891,./img_align_celeba/044892.jpg,2898
44892,./img_align_celeba/044893.jpg,4230
44893,./img_align_celeba/044894.jpg,5836
44894,./img_align_celeba/044895.jpg,8827
44895,./img_align_celeba/044896.jpg,7775
44896,./img_align_celeba/044897.jpg,10129
44897,./img_align_celeba/044898.jpg,7418
44898,./img_align_celeba/044899.jpg,5191
44899,./img_align_celeba/044900.jpg,5787
44900,./img_align_celeba/044901.jpg,10145
44901,./img_align_celeba/044902.jpg,7099
44902,./img_align_celeba/044903.jpg,8457
44903,./img_align_celeba/044904.jpg,9154
44904,./img_align_celeba/044905.jpg,7297
44905,./img_align_celeba/044906.jpg,5747
44906,./img_align_celeba/044907.jpg,9681
44907,./img_align_celeba/044908.jpg,8448
44908,./img_align_celeba/044909.jpg,2572
44909,./img_align_celeba/044910.jpg,9948
44910,./img_align_celeba/044911.jpg,9151
44911,./img_align_celeba/044912.jpg,6167
44912,./img_align_celeba/044913.jpg,2938
44913,./img_align_celeba/044914.jpg,5247
44914,./img_align_celeba/044915.jpg,6311
44915,./img_align_celeba/044916.jpg,8914
44916,./img_align_celeba/044917.jpg,5552
44917,./img_align_celeba/044918.jpg,3520
44918,./img_align_celeba/044919.jpg,7565
44919,./img_align_celeba/044920.jpg,7751
44920,./img_align_celeba/044921.jpg,8568
44921,./img_align_celeba/044922.jpg,8685
44922,./img_align_celeba/044923.jpg,3730
44923,./img_align_celeba/044924.jpg,4244
44924,./img_align_celeba/044925.jpg,132
44925,./img_align_celeba/044926.jpg,8447
44926,./img_align_celeba/044927.jpg,10120
44927,./img_align_celeba/044928.jpg,1221
44928,./img_align_celeba/044929.jpg,3999
44929,./img_align_celeba/044930.jpg,4549
44930,./img_align_celeba/044931.jpg,3049
44931,./img_align_celeba/044932.jpg,5139
44932,./img_align_celeba/044933.jpg,7685
44933,./img_align_celeba/044934.jpg,8250
44934,./img_align_celeba/044935.jpg,5639
44935,./img_align_celeba/044936.jpg,7783
44936,./img_align_celeba/044937.jpg,3727
44937,./img_align_celeba/044938.jpg,3190
44938,./img_align_celeba/044939.jpg,9825
44939,./img_align_celeba/044940.jpg,9185
44940,./img_align_celeba/044941.jpg,2638
44941,./img_align_celeba/044942.jpg,5782
44942,./img_align_celeba/044943.jpg,1111
44943,./img_align_celeba/044944.jpg,7934
44944,./img_align_celeba/044945.jpg,1385
44945,./img_align_celeba/044946.jpg,9810
44946,./img_align_celeba/044947.jpg,773
44947,./img_align_celeba/044948.jpg,8165
44948,./img_align_celeba/044949.jpg,5664
44949,./img_align_celeba/044950.jpg,10107
44950,./img_align_celeba/044951.jpg,2150
44951,./img_align_celeba/044952.jpg,8740
44952,./img_align_celeba/044953.jpg,3280
44953,./img_align_celeba/044954.jpg,9982
44954,./img_align_celeba/044955.jpg,6639
44955,./img_align_celeba/044956.jpg,9295
44956,./img_align_celeba/044957.jpg,3342
44957,./img_align_celeba/044958.jpg,115
44958,./img_align_celeba/044959.jpg,1186
44959,./img_align_celeba/044960.jpg,7895
44960,./img_align_celeba/044961.jpg,6129
44961,./img_align_celeba/044962.jpg,1284
44962,./img_align_celeba/044963.jpg,8399
44963,./img_align_celeba/044964.jpg,1193
44964,./img_align_celeba/044965.jpg,6160
44965,./img_align_celeba/044966.jpg,3872
44966,./img_align_celeba/044967.jpg,464
44967,./img_align_celeba/044968.jpg,2420
44968,./img_align_celeba/044969.jpg,2285
44969,./img_align_celeba/044970.jpg,1671
44970,./img_align_celeba/044971.jpg,764
44971,./img_align_celeba/044972.jpg,7775
44972,./img_align_celeba/044973.jpg,4103
44973,./img_align_celeba/044974.jpg,1802
44974,./img_align_celeba/044975.jpg,3714
44975,./img_align_celeba/044976.jpg,4326
44976,./img_align_celeba/044977.jpg,2520
44977,./img_align_celeba/044978.jpg,6831
44978,./img_align_celeba/044979.jpg,1348
44979,./img_align_celeba/044980.jpg,5913
44980,./img_align_celeba/044981.jpg,1757
44981,./img_align_celeba/044982.jpg,3641
44982,./img_align_celeba/044983.jpg,4514
44983,./img_align_celeba/044984.jpg,4947
44984,./img_align_celeba/044985.jpg,135
44985,./img_align_celeba/044986.jpg,7064
44986,./img_align_celeba/044987.jpg,3568
44987,./img_align_celeba/044988.jpg,8291
44988,./img_align_celeba/044989.jpg,6205
44989,./img_align_celeba/044990.jpg,1718
44990,./img_align_celeba/044991.jpg,9265
44991,./img_align_celeba/044992.jpg,8823
44992,./img_align_celeba/044993.jpg,3143
44993,./img_align_celeba/044994.jpg,8586
44994,./img_align_celeba/044995.jpg,2798
44995,./img_align_celeba/044996.jpg,6359
44996,./img_align_celeba/044997.jpg,575
44997,./img_align_celeba/044998.jpg,9610
44998,./img_align_celeba/044999.jpg,8311
44999,./img_align_celeba/045000.jpg,2837
